<?xml version="1.0" encoding="UTF-8"?>
<!DOCTYPE mapper PUBLIC "-//mybatis.org//DTD Mapper 3.0//EN" "http://mybatis.org/dtd/mybatis-3-mapper.dtd">
<mapper namespace="egovframework.com.mnu.dao.MenuDao">

    <select id="selectMakeMenuList" resultType="hashMap">
			SELECT CONCAT(MENU_NO
			     , '|',UPPER_MENU_NO
			     , '|',MENU_NM
			     , '|',PROGRM_FILE_NM
			     , '|',MENU_NO
			     , '|',MENU_ORDR
			     , '|',MENU_NM
			     , '|',UPPER_MENU_NO
			     , '|',MENU_DC 
			     , '|',RELATE_IMAGE_PATH
			     , '|',RELATE_IMAGE_NM
			     , '|',PROGRM_FILE_NM,'|')  AS "menu"
			  FROM COMTNMENUINFO
			 WHERE MENU_NO <![CDATA[ <> ]]>0
    </select>
    
    <select id="selectMenuList" resultType="hashMap">
			SELECT A.MENU_NO as "MENU_NO"
			     , A.UPPER_MENU_NO as "upper_menu_no"
			     , A.MENU_NM as "menu_nm"
			     , A.PROGRM_FILE_NM as "progrm_file_nm"
			     , A.MENU_NO as "menu_no"
			     , A.MENU_ORDR as "menu_ordr"
			     , A.MENU_NM as "menu_nm"
			     , A.UPPER_MENU_NO as "upper_menu_no"
			     , A.MENU_DC  as "menu_dc"
			     , A.RELATE_IMAGE_PATH as "relate_image_path"
			     , A.RELATE_IMAGE_NM as "relate_image_nm"
			     , A.PROGRM_FILE_NM as "progrm_file_nm"
			     , CASE WHEN B.MENU_NO > 0 THEN '1'
			            ELSE '0'
			        END AS "yn"
			  FROM COMTNMENUINFO A
			  LEFT OUTER JOIN (SELECT MENU_NO, AUTHOR_GRP_CODE 
			                     FROM COMTNMENUCREATDTLS 
			                    WHERE AUTHOR_GRP_CODE  = #{AUTHGRPCD}) B
			    ON (A.MENU_NO  = B.MENU_NO)
			 WHERE A.MENU_NO <![CDATA[ <> ]]> 0
    </select>
    
    <select id="selectMenuCnt" parameterType="Map" resultType="int">
			SELECT COUNT(*) as "cnt"
			  FROM COMTNMENUINFO
			 WHERE MENU_NO = ${MENU_NO}
    </select>
    
    <insert id="insertMenu" parameterType="hashMap">
			INSERT INTO COMTNMENUINFO (
				  MENU_NO
				, MENU_NM
				, PROGRM_FILE_NM
				, UPPER_MENU_NO
				, MENU_ORDR
				, MENU_DC
				, RELATE_IMAGE_PATH
				, RELATE_IMAGE_NM
			) VALUES (
				 #{MENU_NO}
				, #{MENU_NM}
				, #{PROGRM_FILE_NM}
				, #{UPPER_MENU_NO}
				, #{MENU_ORDR}
				, #{MENU_DC}
				, #{RELATE_IMAGE_PATH}
				, #{RELATE_IMAGE_NM}
			)
    </insert>

    <update id="updateMenu" parameterType="hashMap">
			UPDATE COMTNMENUINFO
			   SET MENU_NO = ${MENU_NO}
			    <if test='MENU_NM != null'> 	, MENU_NM	= #{MENU_NM} 	</if>
			    <if test='PROGRM_FILE_NM != null'> 	, PROGRM_FILE_NM	= #{PROGRM_FILE_NM} 	</if>
			    <if test='UPPER_MENU_NO != null'> 	, UPPER_MENU_NO	= #{UPPER_MENU_NO} 	</if>
			    <if test='MENU_ORDR != null'> 	, MENU_ORDR	= #{MENU_ORDR} 	</if>
			    <if test='MENU_DC != null'> 	, MENU_DC	= #{MENU_DC} 	</if>
			    <if test='RELATE_IMAGE_PATH != null'> 	, RELATE_IMAGE_PATH	= #{RELATE_IMAGE_PATH} 	</if>
			    <if test='RELATE_IMAGE_NM != null'> 	, RELATE_IMAGE_NM	= #{RELATE_IMAGE_NM} 	</if>
			 WHERE MENU_NO = ${MENU_NO}
    </update>
    
    <delete id="deleteMenu" parameterType="hashMap">
			DELETE FROM COMTNMENUINFO
			 WHERE MENU_NO = ${MENU_NO}
    </delete>


    <delete id="deleteAuthMenu" parameterType="hashMap">
			DELETE FROM COMTNMENUCREATDTLS 
			 WHERE AUTHOR_GRP_CODE = #{AUTHGRPCD}
    </delete>
    <insert id="insertAuthMenu" parameterType="hashMap">
			INSERT INTO COMTNMENUCREATDTLS (
				  MENU_NO
				, AUTHOR_GRP_CODE
			) VALUES (
				 #{MENUNO}
				, #{AUTHGRPCD}
			)
    </insert>












</mapper> 