<?xml version="1.0" encoding="UTF-8"?>
<!DOCTYPE mapper PUBLIC "-//mybatis.org//DTD Mapper 3.0//EN" "http://mybatis.org/dtd/mybatis-3-mapper.dtd">
<mapper namespace="egovframework.com.auth.dao.AuthInfoDao">

    <select id="selectAuthList" resultType="hashMap">
			SELECT A.AUTHOR_CODE as "author_code"
			     , A.AUTHOR_NM as "author_nm"
			     , A.AUTHOR_DC as "author_dc"
			     , A.AUTHOR_CREAT_DT as "author_creat_dt"
			     , A.CHANGE_DT as "change_dt"
			     , IFNULL((SELECT COUNT(*) CNT
					   	    FROM (SELECT AUTHOR_CODE 
							        FROM COMTNAUTHORUSR 
							       GROUP BY AUTHOR_CODE, USR_ID) AA
						   WHERE AA.AUTHOR_CODE = A.AUTHOR_CODE), 0) AS "usrcnt"
			     , IFNULL((SELECT COUNT(*) CNT 
					         FROM (SELECT AUTHOR_CODE 
			                         FROM COMTNAUTHORGROUPAUTH 
			                        GROUP BY AUTHOR_GRP_CODE, AUTHOR_CODE) BB 
					        WHERE BB.AUTHOR_CODE = A.AUTHOR_CODE),0) AS "grpcnt"
			  FROM COMTNAUTHORINFO A
    </select>
    
    <select id="selectAuthDetail"  parameterType="Map" resultType="hashMap">
			SELECT AUTHOR_CODE as "author_code"
			     , AUTHOR_NM as "author_nm"
			     , AUTHOR_DC as "author_dc"
			     , AUTHOR_CREAT_DT as "author_creat_dt"
			     , CHANGE_DT as "change_dt"
			  FROM COMTNAUTHORINFO
			 WHERE AUTHOR_CODE = '${AUTHCD}'
    </select>


    <select id="selectAuthInfoCnt" parameterType="Map" resultType="int">
			SELECT COUNT(*) as "cnt"
			  FROM COMTNAUTHORINFO
			 WHERE AUTHOR_CODE = '${AUTHCD}'
    </select>
    <insert id="insertAuthInfo" parameterType="hashMap">
			INSERT INTO COMTNAUTHORINFO (
			  AUTHOR_CODE
			, AUTHOR_NM
			, AUTHOR_DC
			, AUTHOR_CREAT_DT
			, CHANGE_DT
			) VALUES (
			  #{AUTHCD}
			, #{AUTHNM}
			, #{AUTHDC}
			, #{DT}
			, #{DT}
			)
    </insert>
    
    <update id="updateAuthInfo" parameterType="hashMap">
			UPDATE COMTNAUTHORINFO
			   SET CHANGE_DT = '${DT}'
			    <if test='AUTHNM != null'> 	, AUTHOR_NM	= '${AUTHNM}' 	</if>
			    <if test='AUTHDC != null'> 	, AUTHOR_DC	= '${AUTHDC}' 	</if>
			 WHERE AUTHOR_CODE           = '${AUTHCD}'
    </update>
    
    <delete id="deleteAuthInfo" parameterType="hashMap">
			DELETE FROM COMTNAUTHORINFO
			 WHERE AUTHOR_CODE           = '${AUTHCD}'
    </delete>
    
    <delete id="deleteAuthGrp" parameterType="hashMap">
			DELETE FROM COMTNAUTHORGROUPAUTH 
			 WHERE AUTHOR_CODE           = '${AUTHCD}'
    </delete>
    
    
<!-- 로그인관련     -->
    <select id="selectUserPwCk"  parameterType="Map" resultType="hashMap">
			SELECT PASSWORD as "password"
			     , USR_ID as "usr_id"
			  FROM COMTNUSERMNG
			 WHERE USR_ID = '${USRID}'
    </select>
    <select id="selectUserDetail"  parameterType="Map" resultType="hashMap">
			SELECT A.ESNTL_ID         as "uniqId",
			       'USR01'            as "userTy",
			       A.USR_ID           as "userId",
			       A.USR_NM           as "userNm",
			       A.USR_EMAIL_ADRES  as "emailAdres",
			       A.AREA_NO          as "areaNo",
			       A.MIDDLE_TELNO     as "middleTelno",
			       A.END_TELNO        as "endTelno",
			       A.MBTLNUM          as "moblphonNo",
			       A.USR_STTUS        as "sttus",
			       A.SBSCRB_DE        as "sbscrbDe",
			       (SELECT max(AUTHOR_GRP_CODE) 
			          FROM COMTNAUTHORUSR
			         WHERE USR_ID  = A.USR_ID) as "authorGrpCode" 
			  FROM COMTNUSERMNG A
			 WHERE A.USR_ID =  '${USRID}'
    </select>
    
    
    
    
</mapper> 