<?xml version="1.0" encoding="UTF-8"?>
<!DOCTYPE mapper PUBLIC "-//mybatis.org//DTD Mapper 3.0//EN" "http://mybatis.org/dtd/mybatis-3-mapper.dtd">
<mapper namespace="egovframework.com.auth.dao.AuthUsrDao">

    <select id="selectAuthUsrList" parameterType="Map" resultType="hashMap">
			SELECT a.AUTHOR_CODE as "author_code"
			     , a.USR_ID  as "usr_id"
			     , a.AUTHOR_GRP_CODE  as "author_grp_code"
			     , a.ADD_DT as "add_dt"
			     , b.USR_NM  as "usr_nm"
			  FROM COMTNAUTHORUSR a
			  LEFT OUTER JOIN COMTNUSERMNG b
			    on (a.USR_ID = b.USR_ID)
			 WHERE a.AUTHOR_CODE           = '${AUTHCD}'
    </select>

    <select id="selectUsrAuthList" parameterType="Map" resultType="hashMap">
			SELECT AUTHOR_CODE  as "author_code"
			     , USR_ID  as "usr_id"
			     , AUTHOR_GRP_CODE  as "author_grp_code"
			     , ADD_DT as "add_dt"
			  FROM COMTNAUTHORUSR
			 WHERE USR_ID           = '${USR_ID}'
    </select>
    
    <select id="selectAuthUsrCnt" parameterType="Map" resultType="int">
			SELECT COUNT(*) as "cnt"
			  FROM COMTNAUTHORUSR
			 WHERE AUTHOR_CODE = '${AUTHCD}'
			   AND USR_ID = '${USR_ID}'
    </select>
    
    <insert id="insertAuthUsr" parameterType="hashMap">
			INSERT INTO COMTNAUTHORUSR (
				AUTHOR_CODE
				, USR_ID
				, AUTHOR_GRP_CODE
				, ADD_DT
			) 
			SELECT AUTHOR_CODE
			     , '${USR_ID}'
			     , ''
			     , '${DT}'
			  FROM COMTNAUTHORINFO
			 where AUTHOR_CODE = '${AUTHCD}'
    </insert>

    <delete id="deleteAuthUsr" parameterType="hashMap">
			DELETE FROM COMTNAUTHORUSR
			 WHERE AUTHOR_CODE           = '${AUTHCD}'
			    AND USR_ID           = '${USR_ID}'
    </delete>
    
    
</mapper> 