<?xml version="1.0" encoding="UTF-8"?>
<!DOCTYPE mapper PUBLIC "-//mybatis.org//DTD Mapper 3.0//EN" "http://mybatis.org/dtd/mybatis-3-mapper.dtd">
<mapper namespace="egovframework.com.auth.dao.AuthGrpInfoDao">

    <select id="selectAuthGrpList" resultType="hashMap">
			SELECT A.AUTHOR_GRP_CODE as "author_grp_code"
				 , A.AUTHOR_GRP_NM as "author_grp_nm"
				 , A.AUTHOR_GRP_DC as "author_grp_dc"
				 , A.AUTHOR_GRP_CREAT_DT as "author_grp_creat_dt"
				 , A.CHANGE_DT as "change_dt"
			     , ifnull((SELECT COUNT(*) CNT 
					         FROM (SELECT AUTHOR_GRP_CODE 
                                     FROM COMTNAUTHORUSR 
                                    GROUP BY AUTHOR_GRP_CODE, USR_ID) AA 
					        WHERE AA.AUTHOR_GRP_CODE = A.AUTHOR_GRP_CODE),0) as "usrcnt"
			     , ifnull((SELECT COUNT(*) CNT 
					         FROM (SELECT AUTHOR_GRP_CODE 
                                     FROM COMTNAUTHORGROUPAUTH 
                                    GROUP BY AUTHOR_GRP_CODE, AUTHOR_CODE) BB 
					        WHERE BB.AUTHOR_GRP_CODE = A.AUTHOR_GRP_CODE),0) as "athcnt"
			  FROM COMTNAUTHORGROUPINFO A
    </select>

    
    <select id="selectAuthGrpDetail"  parameterType="Map" resultType="hashMap">
			SELECT AUTHOR_GRP_CODE as "author_grp_code"
				, AUTHOR_GRP_NM as "author_grp_nm"
				, AUTHOR_GRP_DC as "author_grp_dc"
				, AUTHOR_GRP_CREAT_DT as "author_grp_creat_dt"
				, CHANGE_DT as "change_dt"
			  FROM COMTNAUTHORGROUPINFO
			 WHERE AUTHOR_GRP_CODE = '${AUTHGRPCD}'
    </select>


    <select id="selectAuthGrpInfoCnt" parameterType="Map" resultType="int">
			SELECT COUNT(*) as "cnt"
			  FROM COMTNAUTHORGROUPINFO
			 WHERE AUTHOR_GRP_CODE = '${AUTHGRPCD}'
    </select>
    
    <insert id="insertAuthGrpInfo" parameterType="hashMap">
			INSERT INTO COMTNAUTHORGROUPINFO (
				  AUTHOR_GRP_CODE
				, AUTHOR_GRP_NM
				, AUTHOR_GRP_DC
				, AUTHOR_GRP_CREAT_DT
				, CHANGE_DT
			) VALUES (
				  #{AUTHGRPCD}
				, #{AUTHGRPNM}
				, #{AUTHGRPDC}
				, #{DT}
				, #{DT}
			)
    </insert>

    
    <update id="updateAuthGrpInfo" parameterType="hashMap">
			UPDATE COMTNAUTHORGROUPINFO
			   SET CHANGE_DT = '${DT}'
			    <if test='AUTHGRPNM != null'> 	, AUTHOR_GRP_NM	= '${AUTHGRPNM}' 	</if>
			    <if test='AUTHGRPDC != null'> 	, AUTHOR_GRP_DC	= '${AUTHGRPDC}' 	</if>
			 WHERE AUTHOR_GRP_CODE           = '${AUTHGRPCD}'
    </update>

    
    <delete id="deleteAuthGrpInfo" parameterType="hashMap">
			DELETE FROM COMTNAUTHORGROUPINFO
			 WHERE AUTHOR_GRP_CODE           = '${AUTHGRPCD}'
    </delete>
    






<!-- 권한 그룹 관리(권한)-->
    <select id="selectGrpAuthList"  parameterType="Map" resultType="hashMap">
			SELECT A.AUTHOR_GRP_CODE as "author_grp_code"
			     , A.AUTHOR_CODE as "author_code"
			     , A.ADD_DT as "add_dt"
			     , B.AUTHOR_NM as "author_nm"
			     , B.AUTHOR_DC as "author_dc"
			  FROM COMTNAUTHORGROUPAUTH A
			  LEFT OUTER JOIN COMTNAUTHORINFO B
			    ON (A.AUTHOR_CODE = B.AUTHOR_CODE )
			 WHERE AUTHOR_GRP_CODE  = '${AUTHGRPCD}'
    </select>


	<select id="selectGrpAuthCnt" parameterType="Map" resultType="int">
			SELECT COUNT(*) as "cnt"
			  FROM COMTNAUTHORGROUPAUTH
			 WHERE AUTHOR_GRP_CODE  = '${AUTHGRPCD}'
			     AND AUTHOR_CODE  = '${AUTHCD}'
    </select>
    <insert id="insertGrpAuth" parameterType="hashMap">
			INSERT INTO COMTNAUTHORGROUPAUTH
				( 	  AUTHOR_GRP_CODE
					, AUTHOR_CODE 
					, ADD_DT 
				)
			SELECT B.AUTHOR_GRP_CODE
			     , A.AUTHOR_CODE 
			     , '${DT}'
			  FROM COMTNAUTHORINFO a 
			     , COMTNAUTHORGROUPINFO b
			 WHERE a.AUTHOR_CODE = '${AUTHCD}'
			   AND b.AUTHOR_GRP_CODE = '${AUTHGRPCD}'
    </insert>


    <delete id="deleteGrpAuth" parameterType="hashMap">
			DELETE FROM COMTNAUTHORGROUPAUTH
			 WHERE AUTHOR_GRP_CODE           = '${AUTHGRPCD}'
			   AND AUTHOR_CODE  = '${AUTHCD}'
    </delete>
    
    
    
    
    
    
    
<!-- 권한 그룹 관리(사용자) -->
    <select id="selectGrpAuthUsrList"  parameterType="Map" resultType="hashMap">
			 SELECT a.USR_ID as "usr_id"
			      , a.ADD_DT as "add_dt"
			      , b. USR_NM as "usr_nm"
			  FROM COMTNAUTHORUSR a
			  LEFT OUTER JOIN
			  COMTNUSERMNG b
			  ON a.USR_ID = b.USR_ID
			 WHERE a.AUTHOR_GRP_CODE =  '${AUTHGRPCD}'
			 GROUP BY a.USR_ID
    </select>


    <select id="selectAuthGrpUsrCnt"  parameterType="Map" resultType="hashMap">
			SELECT COUNT(*) as "cnt"
			  FROM COMTNAUTHORGROUPAUTH
			 WHERE AUTHOR_GRP_CODE = '${AUTHGRPCD}'
    </select>
	<update id="updateGrpAuthUsr" parameterType="hashMap">
			UPDATE COMTNAUTHORUSR
			   SET AUTHOR_GRP_CODE = '${AUTHGRPCD}'
			     , ADD_DT = '${DT}'
			 WHERE USR_ID = '${USRID}'
			   AND AUTHOR_CODE IN (SELECT AUTHOR_CODE 
			                         FROM COMTNAUTHORGROUPAUTH
			                        WHERE AUTHOR_GRP_CODE  = '${AUTHGRPCD}'
			                      )
    </update>
    <insert id="insertGrpAuthUsr" parameterType="hashMap">
			INSERT INTO COMTNAUTHORUSR
			SELECT AUTHOR_CODE
			     , '${USRID}'
			     , '${AUTHGRPCD}'
			     , '${DT}'
			  FROM COMTNAUTHORGROUPAUTH
			 WHERE AUTHOR_CODE NOT IN (SELECT AUTHOR_CODE 
			                             FROM COMTNAUTHORUSR
			                            WHERE USR_ID  = '${USRID}'
			                          )
			   AND AUTHOR_GRP_CODE  = '${AUTHGRPCD}'
    </insert>


    <delete id="deleteGrpAuthUsr" parameterType="hashMap">
			DELETE FROM COMTNAUTHORUSR
			 WHERE AUTHOR_GRP_CODE           = '${AUTHGRPCD}'
    </delete>

    <select id="selectUserList"  parameterType="Map" resultType="hashMap">
		SELECT 
		        USR_ID               as "userId",
		        USR_NM               as "userNm",
		  FROM COMTNUSERMNG
    </select>
    
	
    
    
</mapper> 